type,label,term,code,exclude
explicit,direct,ashkenazi,1,0
explicit,direct,ashkenazies,1,0
explicit,direct,cryptokike,1,0
explicit,direct,cryptokikes,1,0
explicit,direct,electric jew,1,0
explicit,direct,electric jews,1,0
explicit,direct,hebrew,1,0
explicit,direct,hebrews,1,0
explicit,direct,hit-a-jew,1,0
explicit,direct,hit-a-jews,1,0
explicit,direct,jew down,1,0
explicit,direct,jew downs,1,0
explicit,direct,jew hater,1,0
explicit,direct,jew haters,1,0
explicit,direct,jewish,1,0
explicit,direct,jew-ish,1,0
explicit,direct,jewish communism,1,0
explicit,direct,jewish communisms,1,0
explicit,direct,jewish lobbies,1,0
explicit,direct,jewish lobby,1,0
explicit,direct,jewish lobbys,1,0
explicit,direct,jewish marxism,1,0
explicit,direct,jewish marxisms,1,0
explicit,direct,jewish question,1,0
explicit,direct,jewish questions,1,0
explicit,direct,jewishs,1,0
explicit,direct,jew-ishs,1,0
explicit,direct,jewries,1,0
explicit,direct,jewry,1,0
explicit,direct,jewrys,1,0
explicit,direct,jid,1,0
explicit,direct,jidan,1,0
explicit,direct,jidans,1,0
explicit,direct,jids,1,0
explicit,direct,jooz,1,0
explicit,direct,joozs,1,0
explicit,direct,jud,1,0
explicit,direct,judaism,1,0
explicit,direct,judaisms,1,0
explicit,direct,jude,1,1
explicit,direct,judensau,1,0
explicit,direct,judensaus,1,0
explicit,direct,judes,1,1
explicit,direct,juds,1,0
explicit,direct,juif,1,0
explicit,direct,juifs,1,0
explicit,direct,juz,1,0
explicit,direct,juzs,1,0
explicit,direct,k*ke,1,0
explicit,direct,k*kes,1,0
explicit,direct,kick-a-jew,1,0
explicit,direct,kick-a-jews,1,0
explicit,direct,national zionist,1,0
explicit,direct,national zionists,1,0
explicit,direct,turbokike,1,0
explicit,direct,turbokikes,1,0
explicit,direct,zhyd,1,0
explicit,direct,zhyds,1,0
explicit,direct,zio,1,0
explicit,direct,zion,1,0
explicit,direct,zionist occupied government,1,0
explicit,direct,zionist occupied governments,1,0
explicit,direct,zionist world government,1,0
explicit,direct,zionist world governments,1,0
explicit,direct,zions,1,0
explicit,direct,ziopig,1,0
explicit,direct,ziopigs,1,0
explicit,direct,zios,1,0
explicit,direct,zizi,1,0
explicit,direct,zizis,1,0
explicit,hate_speech,539,1,0
explicit,hate_speech,10 percent off,1,0
explicit,hate_speech,10 percent offs,1,0
explicit,hate_speech,10% off,1,0
explicit,hate_speech,10% offs,1,0
explicit,hate_speech,10%_off,1,0
explicit,hate_speech,10%_offs,1,0
explicit,hate_speech,10%-off,1,0
explicit,hate_speech,10%-offs,1,0
explicit,hate_speech,10_percent_off,1,0
explicit,hate_speech,10_percent_offs,1,0
explicit,hate_speech,10percentoff,1,0
explicit,hate_speech,10-percent-off,1,0
explicit,hate_speech,10percentoffs,1,0
explicit,hate_speech,10-percent-offs,1,0
explicit,hate_speech,4by2,1,0
explicit,hate_speech,4by2s,1,0
explicit,hate_speech,4x2,1,0
explicit,hate_speech,4x2s,1,0
explicit,hate_speech,539s,1,0
explicit,hate_speech,amf,1,0
explicit,hate_speech,amfs,1,0
explicit,hate_speech,arbeit macht frei,1,0
explicit,hate_speech,arbeit macht freies,1,0
explicit,hate_speech,arbeit_macht_frei,1,0
explicit,hate_speech,arbeit_macht_freies,1,0
explicit,hate_speech,arbeitmachtfrei,1,0
explicit,hate_speech,arbeitmachtfreies,1,0
explicit,hate_speech,bagel dog,1,0
explicit,hate_speech,bagel dogs,1,0
explicit,hate_speech,bagel_dog,1,0
explicit,hate_speech,bagel_dogs,1,0
explicit,hate_speech,bageldog,1,0
explicit,hate_speech,bagel-dog,1,0
explicit,hate_speech,bageldogs,1,0
explicit,hate_speech,bagel-dogs,1,0
explicit,hate_speech,bagelstein,1,0
explicit,hate_speech,bagelsteins,1,0
explicit,hate_speech,bar code,1,1
explicit,hate_speech,bar codes,1,1
explicit,hate_speech,beanie,1,0
explicit,hate_speech,beanies,1,0
explicit,hate_speech,beastie boies,1,0
explicit,hate_speech,beastie boy,1,0
explicit,hate_speech,beastie boys,1,0
explicit,hate_speech,beastie_boies,1,0
explicit,hate_speech,beastie_boy,1,0
explicit,hate_speech,beastie_boys,1,0
explicit,hate_speech,beastieboies,1,0
explicit,hate_speech,beastie-boies,1,0
explicit,hate_speech,beastieboy,1,0
explicit,hate_speech,beastie-boy,1,0
explicit,hate_speech,beastieboys,1,0
explicit,hate_speech,beastie-boys,1,0
explicit,hate_speech,bible shortener,1,0
explicit,hate_speech,bible shorteners,1,0
explicit,hate_speech,bible_shortener,1,0
explicit,hate_speech,bible_shorteners,1,0
explicit,hate_speech,bibleshortener,1,0
explicit,hate_speech,bible-shortener,1,0
explicit,hate_speech,bibleshorteners,1,0
explicit,hate_speech,bible-shorteners,1,0
explicit,hate_speech,big nose,1,0
explicit,hate_speech,big nosed,1,0
explicit,hate_speech,big noseds,1,0
explicit,hate_speech,big noses,1,0
explicit,hate_speech,big_nose,1,0
explicit,hate_speech,big_nosed,1,0
explicit,hate_speech,big_noseds,1,0
explicit,hate_speech,big_noses,1,0
explicit,hate_speech,bignose,1,0
explicit,hate_speech,big-nose,1,0
explicit,hate_speech,bignosed,1,0
explicit,hate_speech,big-nosed,1,0
explicit,hate_speech,bignoseds,1,0
explicit,hate_speech,big-noseds,1,0
explicit,hate_speech,bignoses,1,0
explicit,hate_speech,big-noses,1,0
explicit,hate_speech,bronx indian,1,0
explicit,hate_speech,bronx indians,1,0
explicit,hate_speech,bronx_indian,1,0
explicit,hate_speech,bronx_indians,1,0
explicit,hate_speech,bronxindian,1,0
explicit,hate_speech,bronx-indian,1,0
explicit,hate_speech,bronxindians,1,0
explicit,hate_speech,bronx-indians,1,0
explicit,hate_speech,camper,1,0
explicit,hate_speech,campers,1,0
explicit,hate_speech,canadian geese,1,0
explicit,hate_speech,canadian geeses,1,0
explicit,hate_speech,canadian goose,1,0
explicit,hate_speech,canadian gooses,1,0
explicit,hate_speech,canadian_geese,1,0
explicit,hate_speech,canadian_geeses,1,0
explicit,hate_speech,canadian_goose,1,0
explicit,hate_speech,canadian_gooses,1,0
explicit,hate_speech,canadiangeese,1,0
explicit,hate_speech,canadian-geese,1,0
explicit,hate_speech,canadiangeeses,1,0
explicit,hate_speech,canadian-geeses,1,0
explicit,hate_speech,canadiangoose,1,0
explicit,hate_speech,canadian-goose,1,0
explicit,hate_speech,canadiangooses,1,0
explicit,hate_speech,canadian-gooses,1,0
explicit,hate_speech,christ killer,1,0
explicit,hate_speech,christ killers,1,0
explicit,hate_speech,christ_killer,1,0
explicit,hate_speech,christ_killers,1,0
explicit,hate_speech,christkiller,1,0
explicit,hate_speech,christ-killer,1,0
explicit,hate_speech,christkillers,1,0
explicit,hate_speech,christ-killers,1,0
explicit,hate_speech,circle k,1,0
explicit,hate_speech,circle ks,1,0
explicit,hate_speech,circle_k,1,0
explicit,hate_speech,circle_ks,1,0
explicit,hate_speech,circlek,1,0
explicit,hate_speech,circle-k,1,0
explicit,hate_speech,circleks,1,0
explicit,hate_speech,circle-ks,1,0
explicit,hate_speech,clip tip,1,0
explicit,hate_speech,clip tips,1,0
explicit,hate_speech,clip_tip,1,0
explicit,hate_speech,clip_tips,1,0
explicit,hate_speech,cliptip,1,0
explicit,hate_speech,clip-tip,1,0
explicit,hate_speech,cliptips,1,0
explicit,hate_speech,clip-tips,1,0
explicit,hate_speech,colestein,1,0
explicit,hate_speech,colesteins,1,0
explicit,hate_speech,crikey,1,1
explicit,hate_speech,crikeys,1,1
explicit,hate_speech,crikies,1,1
explicit,hate_speech,d s p,1,0
explicit,hate_speech,d s ps,1,0
explicit,hate_speech,d.s.p,1,0
explicit,hate_speech,d.s.ps,1,0
explicit,hate_speech,d_s_p,1,0
explicit,hate_speech,d_s_ps,1,0
explicit,hate_speech,dead sea pedestrian,1,0
explicit,hate_speech,dead sea pedestrians,1,0
explicit,hate_speech,dead_sea_pedestrian,1,0
explicit,hate_speech,dead_sea_pedestrians,1,0
explicit,hate_speech,deadseapedestrian,1,0
explicit,hate_speech,dead-sea-pedestrian,1,0
explicit,hate_speech,deadseapedestrians,1,0
explicit,hate_speech,dead-sea-pedestrians,1,0
explicit,hate_speech,dirty jew,1,0
explicit,hate_speech,dirty jews,1,0
explicit,hate_speech,dirty_jew,1,0
explicit,hate_speech,dirty_jews,1,0
explicit,hate_speech,dirtyjew,1,0
explicit,hate_speech,dirty-jew,1,0
explicit,hate_speech,dirtyjews,1,0
explicit,hate_speech,dirty-jews,1,0
explicit,hate_speech,dreidl,1,0
explicit,hate_speech,dreidls,1,0
explicit,hate_speech,dsp,1,0
explicit,hate_speech,d-s-p,1,0
explicit,hate_speech,dsps,1,0
explicit,hate_speech,d-s-ps,1,0
explicit,hate_speech,easy bake nigger,1,0
explicit,hate_speech,easy bake niggers,1,0
explicit,hate_speech,easy_bake_nigger,1,0
explicit,hate_speech,easy_bake_niggers,1,0
explicit,hate_speech,easy-bake nigger,1,0
explicit,hate_speech,easy-bake niggers,1,0
explicit,hate_speech,easybakenigger,1,0
explicit,hate_speech,easy-bake-nigger,1,0
explicit,hate_speech,easybakeniggers,1,0
explicit,hate_speech,easy-bake-niggers,1,0
explicit,hate_speech,falasha,1,0
explicit,hate_speech,falashas,1,0
explicit,hate_speech,fire wood,1,1
explicit,hate_speech,fire woods,1,1
explicit,hate_speech,fire_wood,1,1
explicit,hate_speech,fire_woods,1,1
explicit,hate_speech,firewood,1,1
explicit,hate_speech,fire-wood,1,1
explicit,hate_speech,firewoods,1,1
explicit,hate_speech,fire-woods,1,1
explicit,hate_speech,five hundred thirty nine,1,0
explicit,hate_speech,five hundred thirty nines,1,0
explicit,hate_speech,Five thirty nine,1,0
explicit,hate_speech,Five thirty nines,1,0
explicit,hate_speech,five_hundred_thirty_nine,1,0
explicit,hate_speech,five_hundred_thirty_nines,1,0
explicit,hate_speech,Five_thirty_nine,1,0
explicit,hate_speech,Five_thirty_nines,1,0
explicit,hate_speech,fivehundredthirtynine,1,0
explicit,hate_speech,five-hundred-thirty-nine,1,0
explicit,hate_speech,fivehundredthirtynines,1,0
explicit,hate_speech,five-hundred-thirty-nines,1,0
explicit,hate_speech,fivethirtynine,1,0
explicit,hate_speech,Five-thirty-nine,1,0
explicit,hate_speech,fivethirtynines,1,0
explicit,hate_speech,Five-thirty-nines,1,0
explicit,hate_speech,four by two,1,0
explicit,hate_speech,four by twos,1,0
explicit,hate_speech,four_by_two,1,0
explicit,hate_speech,four_by_twos,1,0
explicit,hate_speech,fourbytwo,1,0
explicit,hate_speech,four-by-two,1,0
explicit,hate_speech,fourbytwos,1,0
explicit,hate_speech,four-by-twos,1,0
explicit,hate_speech,g o m,1,0
explicit,hate_speech,g o ms,1,0
explicit,hate_speech,g.o.m.,1,0
explicit,hate_speech,g.o.m.s,1,0
explicit,hate_speech,g_o_m,1,0
explicit,hate_speech,g_o_ms,1,0
explicit,hate_speech,gargamel,1,0
explicit,hate_speech,gargamels,1,0
explicit,hate_speech,gas chamber,1,0
explicit,hate_speech,gas chambers,1,0
explicit,hate_speech,gas_chamber,1,0
explicit,hate_speech,gas_chambers,1,0
explicit,hate_speech,gaschamber,1,0
explicit,hate_speech,gas-chamber,1,0
explicit,hate_speech,gaschambers,1,0
explicit,hate_speech,gas-chambers,1,0
explicit,hate_speech,gate master,1,0
explicit,hate_speech,gate masters,1,0
explicit,hate_speech,gate_master,1,0
explicit,hate_speech,gate_masters,1,0
explicit,hate_speech,gatemaster,1,0
explicit,hate_speech,gate-master,1,0
explicit,hate_speech,gatemasters,1,0
explicit,hate_speech,gate-masters,1,0
explicit,hate_speech,german candle,1,0
explicit,hate_speech,german candles,1,0
explicit,hate_speech,german oven mitt,1,0
explicit,hate_speech,german oven mitts,1,0
explicit,hate_speech,german_candle,1,0
explicit,hate_speech,german_candles,1,0
explicit,hate_speech,german_oven_mitt,1,0
explicit,hate_speech,german_oven_mitts,1,0
explicit,hate_speech,germancandle,1,0
explicit,hate_speech,german-candle,1,0
explicit,hate_speech,germancandles,1,0
explicit,hate_speech,german-candles,1,0
explicit,hate_speech,germanovenmitt,1,0
explicit,hate_speech,german-oven-mitt,1,0
explicit,hate_speech,germanovenmitts,1,0
explicit,hate_speech,german-oven-mitts,1,0
explicit,hate_speech,gew,1,0
explicit,hate_speech,gews,1,0
explicit,hate_speech,gingerbread man,1,0
explicit,hate_speech,gingerbread mans,1,0
explicit,hate_speech,goies,1,0
explicit,hate_speech,goldberg,1,0
explicit,hate_speech,goldbergs,1,0
explicit,hate_speech,goldie,1,1
explicit,hate_speech,goldies,1,1
explicit,hate_speech,goldsteinbergblat,1,0
explicit,hate_speech,goldsteinbergblats,1,0
explicit,hate_speech,gom,1,0
explicit,hate_speech,g-o-m,1,0
explicit,hate_speech,goms,1,0
explicit,hate_speech,g-o-ms,1,0
explicit,hate_speech,good goies,1,0
explicit,hate_speech,good goy,1,0
explicit,hate_speech,good goys,1,0
explicit,hate_speech,good_goies,1,0
explicit,hate_speech,good_goy,1,0
explicit,hate_speech,good_goys,1,0
explicit,hate_speech,goodgoies,1,0
explicit,hate_speech,good-goies,1,0
explicit,hate_speech,goodgoy,1,0
explicit,hate_speech,good-goy,1,0
explicit,hate_speech,goodgoys,1,0
explicit,hate_speech,good-goys,1,0
explicit,hate_speech,goy,1,0
explicit,hate_speech,goyim,1,0
explicit,hate_speech,goyims,1,0
explicit,hate_speech,goys,1,0
explicit,hate_speech,half dick,1,0
explicit,hate_speech,half dicks,1,0
explicit,hate_speech,half_dick,1,0
explicit,hate_speech,half_dicks,1,0
explicit,hate_speech,halfdick,1,0
explicit,hate_speech,half-dick,1,0
explicit,hate_speech,halfdicks,1,0
explicit,hate_speech,half-dicks,1,0
explicit,hate_speech,hanah,1,0
explicit,hate_speech,hanahs,1,0
explicit,hate_speech,hate jew,1,0
explicit,hate_speech,hate jews,1,0
explicit,hate_speech,hate_jew,1,0
explicit,hate_speech,hate_jews,1,0
explicit,hate_speech,hatejew,1,0
explicit,hate_speech,hate-jew,1,0
explicit,hate_speech,hatejews,1,0
explicit,hate_speech,hate-jews,1,0
explicit,hate_speech,hebe,1,0
explicit,hate_speech,hebeheeb,1,0
explicit,hate_speech,hebeheebs,1,0
explicit,hate_speech,hebes,1,0
explicit,hate_speech,hebetudinou,1,0
explicit,hate_speech,hebetudinous,1,0
explicit,hate_speech,hebro,1,0
explicit,hate_speech,hebros,1,0
explicit,hate_speech,heeb,1,0
explicit,hate_speech,heebs,1,0
explicit,hate_speech,hickory smoked,1,0
explicit,hate_speech,hickory smokeds,1,0
explicit,hate_speech,hickory_smoked,1,0
explicit,hate_speech,hickory_smokeds,1,0
explicit,hate_speech,hickorysmoked,1,0
explicit,hate_speech,hickory-smoked,1,0
explicit,hate_speech,hickorysmokeds,1,0
explicit,hate_speech,hickory-smokeds,1,0
explicit,hate_speech,himey,1,0
explicit,hate_speech,himeys,1,0
explicit,hate_speech,himies,1,0
explicit,hate_speech,hollywierd,1,0
explicit,hate_speech,hollywierds,1,0
explicit,hate_speech,hook nose,1,0
explicit,hate_speech,hook noses,1,0
explicit,hate_speech,hook_nose,1,0
explicit,hate_speech,hook_noses,1,0
explicit,hate_speech,hooknose,1,0
explicit,hate_speech,hook-nose,1,0
explicit,hate_speech,hooknoses,1,0
explicit,hate_speech,hook-noses,1,0
explicit,hate_speech,horvitz,1,0
explicit,hate_speech,horvitzs,1,0
explicit,hate_speech,hot pocket,1,0
explicit,hate_speech,hot pockets,1,0
explicit,hate_speech,hot_pocket,1,0
explicit,hate_speech,hot_pockets,1,0
explicit,hate_speech,hotpocket,1,0
explicit,hate_speech,hot-pocket,1,0
explicit,hate_speech,hotpockets,1,0
explicit,hate_speech,hot-pockets,1,0
explicit,hate_speech,hymie,1,0
explicit,hate_speech,hymies,1,0
explicit,hate_speech,ike,1,1
explicit,hate_speech,ikes,1,1
explicit,hate_speech,ikey,1,0
explicit,hate_speech,ikey mo,1,0
explicit,hate_speech,ikey mos,1,0
explicit,hate_speech,ikey_mo,1,0
explicit,hate_speech,ikey_mos,1,0
explicit,hate_speech,ikeymo,1,0
explicit,hate_speech,ikey-mo,1,0
explicit,hate_speech,ikeymos,1,0
explicit,hate_speech,ikey-mos,1,0
explicit,hate_speech,ikeys,1,0
explicit,hate_speech,ikies,1,0
explicit,hate_speech,iky,1,0
explicit,hate_speech,ikys,1,0
explicit,hate_speech,jesus killer,1,0
explicit,hate_speech,jesus killers,1,0
explicit,hate_speech,jesus_killer,1,0
explicit,hate_speech,jesus_killers,1,0
explicit,hate_speech,jesuskiller,1,0
explicit,hate_speech,jesus-killer,1,0
explicit,hate_speech,jesuskillers,1,0
explicit,hate_speech,jesus-killers,1,0
explicit,hate_speech,jew,1,0
explicit,hate_speech,jew aware,1,0
explicit,hate_speech,jew awares,1,0
explicit,hate_speech,jew bag,1,0
explicit,hate_speech,jew bags,1,0
explicit,hate_speech,jew banker,1,0
explicit,hate_speech,jew bankers,1,0
explicit,hate_speech,jew jew bee,1,0
explicit,hate_speech,jew jew bees,1,0
explicit,hate_speech,jew media,1,0
explicit,hate_speech,jew medias,1,0
explicit,hate_speech,jew nose,1,0
explicit,hate_speech,jew noses,1,0
explicit,hate_speech,jew pac,1,0
explicit,hate_speech,jew pacs,1,0
explicit,hate_speech,jew watch,1,0
explicit,hate_speech,jew watchs,1,0
explicit,hate_speech,jew yorker,1,0
explicit,hate_speech,jew yorkers,1,0
explicit,hate_speech,jew_aware,1,0
explicit,hate_speech,jew_awares,1,0
explicit,hate_speech,jew_bag,1,0
explicit,hate_speech,jew_bags,1,0
explicit,hate_speech,jew_banker,1,0
explicit,hate_speech,jew_bankers,1,0
explicit,hate_speech,jew_jew_bee,1,0
explicit,hate_speech,jew_jew_bees,1,0
explicit,hate_speech,jew_media,1,0
explicit,hate_speech,jew_medias,1,0
explicit,hate_speech,jew_nose,1,0
explicit,hate_speech,jew_noses,1,0
explicit,hate_speech,jew_pac,1,0
explicit,hate_speech,jew_pacs,1,0
explicit,hate_speech,jew_watch,1,0
explicit,hate_speech,jew_watchs,1,0
explicit,hate_speech,jew_yorker,1,0
explicit,hate_speech,jew_yorkers,1,0
explicit,hate_speech,jewaware,1,0
explicit,hate_speech,jew-aware,1,0
explicit,hate_speech,jewawares,1,0
explicit,hate_speech,jew-awares,1,0
explicit,hate_speech,jewbacca,1,0
explicit,hate_speech,jewbaccas,1,0
explicit,hate_speech,jewbag,1,0
explicit,hate_speech,jew-bag,1,0
explicit,hate_speech,jewbags,1,0
explicit,hate_speech,jew-bags,1,0
explicit,hate_speech,jewbanker,1,0
explicit,hate_speech,jew-banker,1,0
explicit,hate_speech,jewbankers,1,0
explicit,hate_speech,jew-bankers,1,0
explicit,hate_speech,jewbling,1,0
explicit,hate_speech,jewblings,1,0
explicit,hate_speech,jewboi,1,0
explicit,hate_speech,jewboies,1,0
explicit,hate_speech,jewbrew,1,0
explicit,hate_speech,jewbrews,1,0
explicit,hate_speech,jewbu,1,0
explicit,hate_speech,jewbus,1,0
explicit,hate_speech,jewes,1,0
explicit,hate_speech,jewess,1,0
explicit,hate_speech,jewgaboo,1,0
explicit,hate_speech,jewgaboos,1,0
explicit,hate_speech,jewish fed,1,0
explicit,hate_speech,jewish feds,1,0
explicit,hate_speech,jewish supremacies,1,0
explicit,hate_speech,jewish supremacy,1,0
explicit,hate_speech,jewish supremacys,1,0
explicit,hate_speech,jewish_fed,1,0
explicit,hate_speech,jewish_feds,1,0
explicit,hate_speech,jewish_supremacies,1,0
explicit,hate_speech,jewish_supremacy,1,0
explicit,hate_speech,jewish_supremacys,1,0
explicit,hate_speech,jewishfed,1,0
explicit,hate_speech,jewish-fed,1,0
explicit,hate_speech,jewishfeds,1,0
explicit,hate_speech,jewish-feds,1,0
explicit,hate_speech,jewishgypsyama,1,0
explicit,hate_speech,jewishgypsyamas,1,0
explicit,hate_speech,jewishsupremacies,1,0
explicit,hate_speech,jewish-supremacies,1,0
explicit,hate_speech,jewishsupremacy,1,0
explicit,hate_speech,jewish-supremacy,1,0
explicit,hate_speech,jewishsupremacys,1,0
explicit,hate_speech,jewish-supremacys,1,0
explicit,hate_speech,jewjewbee,1,0
explicit,hate_speech,jew-jew-bee,1,0
explicit,hate_speech,jewjewbees,1,0
explicit,hate_speech,jew-jew-bees,1,0
explicit,hate_speech,jewlet,1,0
explicit,hate_speech,jewlets,1,0
explicit,hate_speech,jewmaican,1,0
explicit,hate_speech,jewmaicans,1,0
explicit,hate_speech,jewmedia,1,0
explicit,hate_speech,jew-media,1,0
explicit,hate_speech,jewmedias,1,0
explicit,hate_speech,jew-medias,1,0
explicit,hate_speech,jewnose,1,0
explicit,hate_speech,jew-nose,1,0
explicit,hate_speech,jewnoses,1,0
explicit,hate_speech,jew-noses,1,0
explicit,hate_speech,jewpac,1,0
explicit,hate_speech,jew-pac,1,0
explicit,hate_speech,jewpacs,1,0
explicit,hate_speech,jew-pacs,1,0
explicit,hate_speech,jewpidities,1,0
explicit,hate_speech,jewpidity,1,0
explicit,hate_speech,jewpiditys,1,0
explicit,hate_speech,jews,1,0
explicit,hate_speech,jews control,1,0
explicit,hate_speech,jews controls,1,0
explicit,hate_speech,jews_control,1,0
explicit,hate_speech,jews_controls,1,0
explicit,hate_speech,jewscontrol,1,0
explicit,hate_speech,jews-control,1,0
explicit,hate_speech,jewscontrols,1,0
explicit,hate_speech,jews-controls,1,0
explicit,hate_speech,jewsu,1,0
explicit,hate_speech,jewsus,1,0
explicit,hate_speech,jewtin,1,0
explicit,hate_speech,jewtins,1,0
explicit,hate_speech,jewwatch,1,0
explicit,hate_speech,jew-watch,1,0
explicit,hate_speech,jewwatchs,1,0
explicit,hate_speech,jew-watchs,1,0
explicit,hate_speech,jewyorker,1,0
explicit,hate_speech,jew-yorker,1,0
explicit,hate_speech,jewyorkers,1,0
explicit,hate_speech,jew-yorkers,1,0
explicit,hate_speech,jish,1,0
explicit,hate_speech,jishs,1,0
explicit,hate_speech,jubu,1,0
explicit,hate_speech,jubus,1,0
explicit,hate_speech,khazar,1,0
explicit,hate_speech,khazars,1,0
explicit,hate_speech,kike,1,0
explicit,hate_speech,kikeleh,1,0
explicit,hate_speech,kikelehs,1,0
explicit,hate_speech,kikelord,1,0
explicit,hate_speech,kikelords,1,0
explicit,hate_speech,kikeman,1,0
explicit,hate_speech,kikemans,1,0
explicit,hate_speech,kikes,1,0
explicit,hate_speech,kosher konsumer,1,0
explicit,hate_speech,kosher konsumers,1,0
explicit,hate_speech,kosher_konsumer,1,0
explicit,hate_speech,kosher_konsumers,1,0
explicit,hate_speech,kosherkonsumer,1,0
explicit,hate_speech,kosher-konsumer,1,0
explicit,hate_speech,kosherkonsumers,1,0
explicit,hate_speech,kosher-konsumers,1,0
explicit,hate_speech,koshie,1,0
explicit,hate_speech,koshies,1,0
explicit,hate_speech,kyke,1,0
explicit,hate_speech,kykes,1,0
explicit,hate_speech,lamp shade,1,1
explicit,hate_speech,lamp shades,1,1
explicit,hate_speech,lamp_shade,1,1
explicit,hate_speech,lamp_shades,1,1
explicit,hate_speech,lampshade,1,1
explicit,hate_speech,lamp-shade,1,1
explicit,hate_speech,lampshades,1,1
explicit,hate_speech,lamp-shades,1,1
explicit,hate_speech,liebowitz,1,0
explicit,hate_speech,liebowitzs,1,0
explicit,hate_speech,matza gobbler,1,0
explicit,hate_speech,matza gobblers,1,0
explicit,hate_speech,matza_gobbler,1,0
explicit,hate_speech,matza_gobblers,1,0
explicit,hate_speech,matzagobbler,1,0
explicit,hate_speech,matza-gobbler,1,0
explicit,hate_speech,matzagobblers,1,0
explicit,hate_speech,matza-gobblers,1,0
explicit,hate_speech,matzah,1,0
explicit,hate_speech,matzahs,1,0
explicit,hate_speech,moch,1,0
explicit,hate_speech,mochs,1,0
explicit,hate_speech,mockey,1,0
explicit,hate_speech,mockeys,1,0
explicit,hate_speech,mockie,1,0
explicit,hate_speech,mockies,1,0
explicit,hate_speech,mocky,1,0
explicit,hate_speech,mockys,1,0
explicit,hate_speech,mokies,1,0
explicit,hate_speech,moky,1,0
explicit,hate_speech,mokys,1,0
explicit,hate_speech,moly jew,1,0
explicit,hate_speech,moly jews,1,0
explicit,hate_speech,moly_jew,1,0
explicit,hate_speech,moly_jews,1,0
explicit,hate_speech,molyjew,1,0
explicit,hate_speech,moly-jew,1,0
explicit,hate_speech,molyjews,1,0
explicit,hate_speech,moly-jews,1,0
explicit,hate_speech,morta cristo,1,0
explicit,hate_speech,morta cristos,1,0
explicit,hate_speech,morta_cristo,1,0
explicit,hate_speech,morta_cristos,1,0
explicit,hate_speech,mortacristo,1,0
explicit,hate_speech,morta-cristo,1,0
explicit,hate_speech,mortacristos,1,0
explicit,hate_speech,morta-cristos,1,0
explicit,hate_speech,mose,1,0
explicit,hate_speech,moses,1,0
explicit,hate_speech,narrenburg,1,0
explicit,hate_speech,narrenburgs,1,0
explicit,hate_speech,nickel nose,1,0
explicit,hate_speech,nickel noses,1,0
explicit,hate_speech,nickel_nose,1,0
explicit,hate_speech,nickel_noses,1,0
explicit,hate_speech,nickelnose,1,0
explicit,hate_speech,nickel-nose,1,0
explicit,hate_speech,nickelnoses,1,0
explicit,hate_speech,nickel-noses,1,0
explicit,hate_speech,nigger jew,1,0
explicit,hate_speech,nigger jews,1,0
explicit,hate_speech,nigger_jew,1,0
explicit,hate_speech,nigger_jews,1,0
explicit,hate_speech,niggerjew,1,0
explicit,hate_speech,nigger-jew,1,0
explicit,hate_speech,niggerjews,1,0
explicit,hate_speech,nigger-jews,1,0
explicit,hate_speech,oiies,1,0
explicit,hate_speech,oiy,1,0
explicit,hate_speech,oiys,1,0
explicit,hate_speech,oven baked,1,0
explicit,hate_speech,oven bakeds,1,0
explicit,hate_speech,oven dodger,1,0
explicit,hate_speech,oven dodgers,1,0
explicit,hate_speech,oven dweller,1,0
explicit,hate_speech,oven dwellers,1,0
explicit,hate_speech,oven magnet,1,0
explicit,hate_speech,oven magnets,1,0
explicit,hate_speech,oven_baked,1,0
explicit,hate_speech,oven_bakeds,1,0
explicit,hate_speech,oven_dodger,1,0
explicit,hate_speech,oven_dodgers,1,0
explicit,hate_speech,oven_dweller,1,0
explicit,hate_speech,oven_dwellers,1,0
explicit,hate_speech,oven_magnet,1,0
explicit,hate_speech,oven_magnets,1,0
explicit,hate_speech,ovenbaked,1,0
explicit,hate_speech,oven-baked,1,0
explicit,hate_speech,ovenbakeds,1,0
explicit,hate_speech,oven-bakeds,1,0
explicit,hate_speech,ovendodger,1,0
explicit,hate_speech,oven-dodger,1,0
explicit,hate_speech,ovendodgers,1,0
explicit,hate_speech,oven-dodgers,1,0
explicit,hate_speech,ovendweller,1,0
explicit,hate_speech,oven-dweller,1,0
explicit,hate_speech,ovendwellers,1,0
explicit,hate_speech,oven-dwellers,1,0
explicit,hate_speech,ovenmagnet,1,0
explicit,hate_speech,oven-magnet,1,0
explicit,hate_speech,ovenmagnets,1,0
explicit,hate_speech,oven-magnets,1,0
explicit,hate_speech,palm beacher,1,0
explicit,hate_speech,palm beachers,1,0
explicit,hate_speech,palm_beacher,1,0
explicit,hate_speech,palm_beachers,1,0
explicit,hate_speech,palmbeacher,1,0
explicit,hate_speech,palm-beacher,1,0
explicit,hate_speech,palmbeachers,1,0
explicit,hate_speech,palm-beachers,1,0
explicit,hate_speech,penny chaser,1,0
explicit,hate_speech,penny chasers,1,0
explicit,hate_speech,penny pincher,1,0
explicit,hate_speech,penny pinchers,1,0
explicit,hate_speech,penny_chaser,1,0
explicit,hate_speech,penny_chasers,1,0
explicit,hate_speech,penny_pincher,1,0
explicit,hate_speech,penny_pinchers,1,0
explicit,hate_speech,pennychaser,1,0
explicit,hate_speech,penny-chaser,1,0
explicit,hate_speech,pennychasers,1,0
explicit,hate_speech,penny-chasers,1,0
explicit,hate_speech,pennypincher,1,0
explicit,hate_speech,penny-pincher,1,0
explicit,hate_speech,pennypinchers,1,0
explicit,hate_speech,penny-pinchers,1,0
explicit,hate_speech,pinocchio,1,0
explicit,hate_speech,pinocchios,1,0
explicit,hate_speech,popular science,1,1
explicit,hate_speech,popular sciences,1,1
explicit,hate_speech,popular_science,1,1
explicit,hate_speech,popular_sciences,1,1
explicit,hate_speech,popularscience,1,0
explicit,hate_speech,popular-science,1,1
explicit,hate_speech,popularsciences,1,0
explicit,hate_speech,popular-sciences,1,1
explicit,hate_speech,porkies,1,1
explicit,hate_speech,porky,1,1
explicit,hate_speech,porkys,1,1
explicit,hate_speech,red sea pedestrian,1,0
explicit,hate_speech,red sea pedestrians,1,0
explicit,hate_speech,red_sea_pedestrian,1,0
explicit,hate_speech,red_sea_pedestrians,1,0
explicit,hate_speech,redseapedestrian,1,0
explicit,hate_speech,red-sea-pedestrian,1,0
explicit,hate_speech,redseapedestrians,1,0
explicit,hate_speech,red-sea-pedestrians,1,0
explicit,hate_speech,schlomo,1,0
explicit,hate_speech,schlomos,1,0
explicit,hate_speech,scooby doo,1,1
explicit,hate_speech,scooby doos,1,1
explicit,hate_speech,scooby_doo,1,1
explicit,hate_speech,scooby_doos,1,1
explicit,hate_speech,scoobydoo,1,0
explicit,hate_speech,scooby-doo,1,1
explicit,hate_speech,scoobydoos,1,0
explicit,hate_speech,scooby-doos,1,1
explicit,hate_speech,seinfeld,1,0
explicit,hate_speech,seinfelds,1,0
explicit,hate_speech,self chosen,1,0
explicit,hate_speech,self chosens,1,0
explicit,hate_speech,self_chosen,1,0
explicit,hate_speech,self_chosens,1,0
explicit,hate_speech,selfchosen,1,0
explicit,hate_speech,self-chosen,1,0
explicit,hate_speech,selfchosens,1,0
explicit,hate_speech,self-chosens,1,0
explicit,hate_speech,sheenies,1,0
explicit,hate_speech,sheeny,1,0
explicit,hate_speech,sheenys,1,0
explicit,hate_speech,sheister,1,0
explicit,hate_speech,sheisters,1,0
explicit,hate_speech,shitler,1,0
explicit,hate_speech,shitlers,1,0
explicit,hate_speech,shlomo,1,0
explicit,hate_speech,shlomos,1,0
explicit,hate_speech,shnozzle,1,0
explicit,hate_speech,shnozzles,1,0
explicit,hate_speech,shoaed,1,0
explicit,hate_speech,shoaeds,1,0
explicit,hate_speech,shonnicker,1,0
explicit,hate_speech,shonnickers,1,0
explicit,hate_speech,shylock,1,0
explicit,hate_speech,shylocks,1,0
explicit,hate_speech,shyster,1,0
explicit,hate_speech,shysters,1,0
explicit,hate_speech,six nose,1,0
explicit,hate_speech,six noses,1,0
explicit,hate_speech,six point,1,0
explicit,hate_speech,six pointer,1,0
explicit,hate_speech,six pointers,1,0
explicit,hate_speech,six points,1,0
explicit,hate_speech,six_nose,1,0
explicit,hate_speech,six_noses,1,0
explicit,hate_speech,six_point,1,0
explicit,hate_speech,six_pointer,1,0
explicit,hate_speech,six_pointers,1,0
explicit,hate_speech,six_points,1,0
explicit,hate_speech,sixnose,1,0
explicit,hate_speech,six-nose,1,0
explicit,hate_speech,sixnoses,1,0
explicit,hate_speech,six-noses,1,0
explicit,hate_speech,sixpoint,1,0
explicit,hate_speech,six-point,1,0
explicit,hate_speech,sixpointer,1,0
explicit,hate_speech,six-pointer,1,0
explicit,hate_speech,sixpointers,1,0
explicit,hate_speech,six-pointers,1,0
explicit,hate_speech,sixpoints,1,0
explicit,hate_speech,six-points,1,0
explicit,hate_speech,snip cock,1,0
explicit,hate_speech,snip cocks,1,0
explicit,hate_speech,snip_cock,1,0
explicit,hate_speech,snip_cocks,1,0
explicit,hate_speech,snipcock,1,0
explicit,hate_speech,snip-cock,1,0
explicit,hate_speech,snipcocks,1,0
explicit,hate_speech,snip-cocks,1,0
explicit,hate_speech,snow bird,1,0
explicit,hate_speech,snow birds,1,0
explicit,hate_speech,snow_bird,1,0
explicit,hate_speech,snow_birds,1,0
explicit,hate_speech,snowbird,1,0
explicit,hate_speech,snow-bird,1,0
explicit,hate_speech,snowbirds,1,0
explicit,hate_speech,snow-birds,1,0
explicit,hate_speech,special meal,1,0
explicit,hate_speech,special meals,1,0
explicit,hate_speech,special_meal,1,0
explicit,hate_speech,special_meals,1,0
explicit,hate_speech,specialmeal,1,0
explicit,hate_speech,special-meal,1,0
explicit,hate_speech,specialmeals,1,0
explicit,hate_speech,special-meals,1,0
explicit,hate_speech,stop jewish supremacies,1,0
explicit,hate_speech,stop jewish supremacy,1,0
explicit,hate_speech,stop jewish supremacys,1,0
explicit,hate_speech,stop_jewish_supremacies,1,0
explicit,hate_speech,stop_jewish_supremacy,1,0
explicit,hate_speech,stop_jewish_supremacys,1,0
explicit,hate_speech,stopjewishsupremacies,1,0
explicit,hate_speech,stop-jewish-supremacies,1,0
explicit,hate_speech,stopjewishsupremacy,1,0
explicit,hate_speech,stop-jewish-supremacy,1,0
explicit,hate_speech,stopjewishsupremacys,1,0
explicit,hate_speech,stop-jewish-supremacys,1,0
explicit,hate_speech,ten % off,1,0
explicit,hate_speech,ten % offs,1,0
explicit,hate_speech,ten percent off,1,0
explicit,hate_speech,ten percent offs,1,0
explicit,hate_speech,ten%off,1,0
explicit,hate_speech,ten-%-off,1,0
explicit,hate_speech,ten%offs,1,0
explicit,hate_speech,ten-%-offs,1,0
explicit,hate_speech,ten_%_off,1,0
explicit,hate_speech,ten_%_offs,1,0
explicit,hate_speech,ten_percent_off,1,0
explicit,hate_speech,ten_percent_offs,1,0
explicit,hate_speech,tenpercentoff,1,0
explicit,hate_speech,ten-percent-off,1,0
explicit,hate_speech,tenpercentoffs,1,0
explicit,hate_speech,ten-percent-offs,1,0
explicit,hate_speech,toucan sam,1,0
explicit,hate_speech,toucan sams,1,0
explicit,hate_speech,toucan_sam,1,0
explicit,hate_speech,toucan_sams,1,0
explicit,hate_speech,toucansam,1,0
explicit,hate_speech,toucan-sam,1,0
explicit,hate_speech,toucansams,1,0
explicit,hate_speech,toucan-sams,1,0
explicit,hate_speech,wandering jew,1,0
explicit,hate_speech,wandering jews,1,0
explicit,hate_speech,wandering_jew,1,0
explicit,hate_speech,wandering_jews,1,0
explicit,hate_speech,wanderingjew,1,0
explicit,hate_speech,wandering-jew,1,0
explicit,hate_speech,wanderingjews,1,0
explicit,hate_speech,wandering-jews,1,0
explicit,hate_speech,wej,1,0
explicit,hate_speech,wejs,1,0
explicit,hate_speech,yahoodi,1,0
explicit,hate_speech,yahoodies,1,0
explicit,hate_speech,yenta,1,0
explicit,hate_speech,yentas,1,0
explicit,hate_speech,yick,1,0
explicit,hate_speech,yicks,1,0
explicit,hate_speech,yid,1,0
explicit,hate_speech,yid lid,1,0
explicit,hate_speech,yid lids,1,0
explicit,hate_speech,yid_lid,1,0
explicit,hate_speech,yid_lids,1,0
explicit,hate_speech,yiddiot,1,0
explicit,hate_speech,yiddiots,1,0
explicit,hate_speech,yidlid,1,0
explicit,hate_speech,yid-lid,1,0
explicit,hate_speech,yidlids,1,0
explicit,hate_speech,yid-lids,1,0
explicit,hate_speech,yids,1,0
explicit,hate_speech,yitze,1,0
explicit,hate_speech,yitzes,1,0
explicit,hate_speech,zhid,1,0
explicit,hate_speech,zhidan,1,0
explicit,hate_speech,zhidans,1,0
explicit,hate_speech,zhids,1,0
explicit,hate_speech,zio media,1,0
explicit,hate_speech,zio medias,1,0
explicit,hate_speech,zio nazi,1,0
explicit,hate_speech,zio nazies,1,0
explicit,hate_speech,zio_media,1,0
explicit,hate_speech,zio_medias,1,0
explicit,hate_speech,zio_nazi,1,0
explicit,hate_speech,zio_nazies,1,0
explicit,hate_speech,ziomedia,1,0
explicit,hate_speech,zio-media,1,0
explicit,hate_speech,ziomedias,1,0
explicit,hate_speech,zio-medias,1,0
explicit,hate_speech,zionazi,1,0
explicit,hate_speech,zio-nazi,1,0
explicit,hate_speech,zionazies,1,0
explicit,hate_speech,zio-nazies,1,0
explicit,hate_speech,zionazis,1,0
explicit,hate_speech,zionist,1,0
explicit,hate_speech,zionist pig,1,0
explicit,hate_speech,zionist pigs,1,0
explicit,hate_speech,zionist_pig,1,0
explicit,hate_speech,zionist_pigs,1,0
explicit,hate_speech,zionistpig,1,0
explicit,hate_speech,zionist-pig,1,0
explicit,hate_speech,zionistpigs,1,0
explicit,hate_speech,zionist-pigs,1,0
explicit,hate_speech,zionists,1,0
explicit,hate_speech,zog,1,0
explicit,hate_speech,zog lover,1,0
explicit,hate_speech,zog lovers,1,0
explicit,hate_speech,zog_lover,1,0
explicit,hate_speech,zog_lovers,1,0
explicit,hate_speech,zoglover,1,0
explicit,hate_speech,zog-lover,1,0
explicit,hate_speech,zoglovers,1,0
explicit,hate_speech,zog-lovers,1,0
explicit,hate_speech,zogs,1,0
implicit,holocaust,6mwe,1,0
implicit,holocaust,6mwes,1,0
implicit,holocaust,auschwitz,1,0
implicit,holocaust,auschwitzs,1,0
implicit,holocaust,birkenau,1,0
implicit,holocaust,birkenaus,1,0
implicit,holocaust,dachau,1,0
implicit,holocaust,dachaus,1,0
implicit,holocaust,genocide,1,0
implicit,holocaust,genocides,1,0
implicit,holocaust,hitler was right,1,0
implicit,holocaust,hitler was rights,1,0
implicit,holocaust,holocough,1,0
implicit,holocaust,holocoughs,1,0
implicit,holocaust,holohoax,1,0
implicit,holocaust,holohoaxs,1,0
implicit,holocaust,lugenpresse,1,0
implicit,holocaust,lugenpresses,1,0
implicit,holocaust,muh holocaust,1,0
implicit,holocaust,muh holocausts,1,0
implicit,holocaust,reich,1,0
implicit,holocaust,reichs,1,0
implicit,holocaust,six gorillion,1,0
implicit,holocaust,six gorillions,1,0
implicit,holocaust,yellow star,1,0
implicit,holocaust,yellow stars,1,0
implicit,holocaust,zyklon,1,0
implicit,holocaust,zyklons,1,0
implicit,indirect,(((,1,0
implicit,indirect,(((s,1,0
implicit,indirect,))),1,0
implicit,indirect,)))s,1,0
implicit,indirect,abe,1,1
implicit,indirect,abes,1,1
implicit,indirect,abie,1,0
implicit,indirect,abies,1,0
implicit,indirect,abraham,1,0
implicit,indirect,abrahams,1,0
implicit,indirect,abram,1,0
implicit,indirect,abrams,1,0
implicit,indirect,adl,1,0
implicit,indirect,adls,1,0
implicit,indirect,adrenochrome,1,0
implicit,indirect,adrenochromes,1,0
implicit,indirect,aipac,1,0
implicit,indirect,aipacs,1,0
implicit,indirect,anti defamation,1,0
implicit,indirect,anti defamations,1,0
implicit,indirect,antichrist,1,0
implicit,indirect,antichrists,1,0
implicit,indirect,anti-defamation,1,0
implicit,indirect,anti-defamations,1,0
implicit,indirect,antisemit,1,0
implicit,indirect,anti-semit,1,0
implicit,indirect,antisemits,1,0
implicit,indirect,anti-semits,1,0
implicit,indirect,bank,1,0
implicit,indirect,banker,1,0
implicit,indirect,bankers,1,0
implicit,indirect,banks,1,0
implicit,indirect,benjamin,1,0
implicit,indirect,benjamins,1,0
implicit,indirect,bilderberg,1,0
implicit,indirect,bilderbergers,1,0
implicit,indirect,blood libel,1,0
implicit,indirect,blood libels,1,0
implicit,indirect,bloodsucker,1,0
implicit,indirect,bloodsuckers,1,0
implicit,indirect,bloomberg,1,0
implicit,indirect,bloombergs,1,0
implicit,indirect,bolshevik,1,0
implicit,indirect,bolsheviks,1,0
implicit,indirect,bolshevism,1,0
implicit,indirect,bolshevisms,1,0
implicit,indirect,bourla,1,0
implicit,indirect,bourlas,1,0
implicit,indirect,cabal,1,0
implicit,indirect,cabals,1,0
implicit,indirect,communism,1,0
implicit,indirect,communisms,1,0
implicit,indirect,cosmopolitan,1,0
implicit,indirect,cosmopolitanism,1,0
implicit,indirect,cosmopolitanisms,1,0
implicit,indirect,cosmopolitans,1,0
implicit,indirect,crucifixion,1,0
implicit,indirect,crucifixions,1,0
implicit,indirect,deep state,1,0
implicit,indirect,deep states,1,0
implicit,indirect,deepstate,1,0
implicit,indirect,deepstates,1,0
implicit,indirect,deicide,1,0
implicit,indirect,deicides,1,0
implicit,indirect,dual citizenship,1,0
implicit,indirect,dual loyalties,1,0
implicit,indirect,dual loyalty,1,0
implicit,indirect,dual loyaltys,1,0
implicit,indirect,edomite,1,0
implicit,indirect,edomites,1,0
implicit,indirect,elite,1,0
implicit,indirect,elites,1,0
implicit,indirect,epstein,1,0
implicit,indirect,epsteins,1,0
implicit,indirect,feinstein,1,0
implicit,indirect,frankfurt school,1,0
implicit,indirect,frankfurt schools,1,0
implicit,indirect,global elite,1,0
implicit,indirect,global elites,1,0
implicit,indirect,globalism,1,0
implicit,indirect,globalisms,1,0
implicit,indirect,globalist,1,0
implicit,indirect,globalists,1,0
implicit,indirect,godles,1,0
implicit,indirect,godless,1,0
implicit,indirect,great replacement,1,0
implicit,indirect,greed,1,0
implicit,indirect,greedines,1,0
implicit,indirect,greediness,1,0
implicit,indirect,greeds,1,0
implicit,indirect,gtkrwn,1,0
implicit,indirect,gtkrwns,1,0
implicit,indirect,happy merchant,1,0
implicit,indirect,happy merchants,1,0
implicit,indirect,hia,1,0
implicit,indirect,hias,1,0
implicit,indirect,hollywood,1,0
implicit,indirect,hollywoods,1,0
implicit,indirect,holocaust,1,0
implicit,indirect,holocausts,1,0
implicit,indirect,ihra,1,0
implicit,indirect,ihras,1,0
implicit,indirect,illuminati,1,0
implicit,indirect,illuminaties,1,0
implicit,indirect,imperialism,1,0
implicit,indirect,imperialisms,1,0
implicit,indirect,investor,1,0
implicit,indirect,investors,1,0
explicit,direct,jq,1,0
explicit,direct,jqs,1,0
implicit,indirect,juda,1,0
implicit,indirect,judas,1,0
implicit,indirect,juice,1,1
implicit,indirect,juices,1,1
implicit,indirect,kahal,1,0
implicit,indirect,kahals,1,0
implicit,indirect,kalergi,1,0
implicit,indirect,kalergies,1,0
implicit,indirect,kissinger,1,0
implicit,indirect,kissingers,1,0
explicit,hate_speech,kosher,1,0
explicit,hate_speech,koshers,1,0
implicit,indirect,kushner,1,0
implicit,indirect,kushners,1,0
implicit,indirect,larry summer,1,0
implicit,indirect,larry summers,1,0
implicit,indirect,lehman,1,0
implicit,indirect,lehmans,1,0
implicit,indirect,liberal media,1,0
implicit,indirect,liberal medias,1,0
implicit,indirect,lice,1,0
implicit,indirect,lices,1,0
implicit,indirect,lost tribe,1,0
implicit,indirect,lost tribes,1,0
implicit,indirect,loxism,1,0
implicit,indirect,loxisms,1,0
implicit,indirect,loxist,1,0
implicit,indirect,loxists,1,0
implicit,indirect,mammon,1,0
implicit,indirect,mammons,1,0
implicit,indirect,mark of the beast,1,0
implicit,indirect,mark of the beasts,1,0
implicit,indirect,marxism,1,0
implicit,indirect,marxisms,1,0
implicit,indirect,marxist,1,0
implicit,indirect,marxists,1,0
explicit,hate_speech,matzo,1,0
explicit,hate_speech,matzos,1,0
implicit,indirect,moloch,1,0
implicit,indirect,molochs,1,0
implicit,indirect,moneylender,1,0
implicit,indirect,moneylenders,1,0
implicit,indirect,national socialism,1,0
implicit,indirect,national socialisms,1,0
implicit,indirect,new world order,1,0
implicit,indirect,new world orders,1,0
implicit,indirect,new york,1,0
implicit,indirect,new yorks,1,0
implicit,indirect,nose,1,0
implicit,indirect,noses,1,0
implicit,indirect,nwo,1,0
implicit,indirect,nwos,1,0
implicit,indirect,paedophilia,1,0
implicit,indirect,paedophilias,1,0
implicit,indirect,pedophile,1,0
implicit,indirect,pedophiles,1,0
implicit,indirect,pedophilia,1,0
implicit,indirect,pedophilias,1,0
implicit,indirect,pharisee,1,0
implicit,indirect,pharisees,1,0
implicit,indirect,pilpul,1,0
implicit,indirect,pilpuls,1,0
implicit,indirect,porn,1,0
implicit,indirect,pornographic,1,0
implicit,indirect,pornographics,1,0
implicit,indirect,pornographies,1,0
implicit,indirect,pornography,1,0
implicit,indirect,pornographys,1,0
implicit,indirect,porns,1,0
implicit,indirect,powaies,1,0
implicit,indirect,poway,1,0
implicit,indirect,poways,1,0
implicit,indirect,protocol,1,0
implicit,indirect,protocols,1,0
implicit,indirect,protocols of the elders of zion,1,0
implicit,indirect,protocols of the elders of zions,1,0
implicit,indirect,rockefeller,1,0
implicit,indirect,roth,1,0
implicit,indirect,rothchild,1,0
implicit,indirect,rothchilds,1,0
implicit,indirect,rothschild,1,0
implicit,indirect,rothschilds,1,0
implicit,indirect,sabbatean-frankist,1,0
implicit,indirect,sabbatean-frankists,1,0
implicit,indirect,sabbatist,1,0
implicit,indirect,sabbatists,1,0
implicit,indirect,sanders,1,0
implicit,indirect,satan,1,0
implicit,indirect,satanic,1,0
implicit,indirect,satanics,1,0
implicit,indirect,satanism,1,0
implicit,indirect,satanisms,1,0
implicit,indirect,satanist,1,0
implicit,indirect,satanists,1,0
implicit,indirect,satans,1,0
implicit,indirect,schiff,1,0
implicit,indirect,schiffs,1,0
implicit,indirect,scholl,1,0
implicit,indirect,scholls,1,0
implicit,indirect,secularism,1,0
implicit,indirect,secularisms,1,0
implicit,indirect,shekel,1,0
implicit,indirect,shekels,1,0
implicit,indirect,soro,1,0
implicit,indirect,soros,1,0
implicit,indirect,space laser,1,0
implicit,indirect,space lasers,1,0
implicit,indirect,star of david,1,0
implicit,indirect,star of davids,1,0
implicit,indirect,steyer,1,0
implicit,indirect,steyers,1,0
implicit,indirect,talmud,1,0
implicit,indirect,talmudic,1,0
implicit,indirect,talmudics,1,0
implicit,indirect,talmuds,1,0
implicit,indirect,thirty piece,1,0
implicit,indirect,thirty pieces,1,0
implicit,indirect,warburg,1,0
implicit,indirect,warburgs,1,0
implicit,indirect,wealthy elite,1,0
implicit,indirect,wealthy elites,1,0
implicit,indirect,weinstein,1,0
implicit,indirect,world government,1,0
implicit,indirect,world governments,1,0
implicit,israel,apartheid,1,0
implicit,israel,apartheids,1,0
implicit,israel,bd,1,0
implicit,israel,bds,1,0
implicit,israel,bibi,1,0
implicit,israel,bibies,1,0
implicit,israel,israel,1,0
implicit,israel,israelite,1,0
implicit,israel,israelites,1,0
implicit,israel,israels,1,0
implicit,israel,israhate,1,0
implicit,israel,israhates,1,0
implicit,israel,israhell,1,0
implicit,israel,isra-hell,1,0
implicit,israel,israhells,1,0
implicit,israel,isra-hells,1,0
implicit,israel,jerusalem,1,0
implicit,israel,jerusalems,1,0
implicit,israel,mossad,1,0
implicit,israel,mossads,1,0
implicit,israel,netanyahu,1,0
implicit,israel,netanyahus,1,0
implicit,israel,palestinian,1,0
implicit,israel,palestinians,1,0
implicit,israel,tel aviv,1,0
implicit,israel,tel avivs,1,0
explicit,direct,zionism,1,0
explicit,direct,zionisms,1,0
